,changed,created,dnssec,expires,url
487471,,2005-07-31 00:00:00,,2018-07-31 00:00:00,casanovafurniture.dk
60377,2015-03-20 00:00:00,2005-05-15 00:00:00,False,2017-05-15 00:00:00,chaoshanren.com
468152,,1998-02-16 00:00:00,,2016-03-31 00:00:00,tax.dk
894284,2015-02-25 00:00:00,2013-11-21 00:00:00,False,2015-11-21 00:00:00,hydrabug.com
947595,,,,,instabrowse.es
246512,2014-04-19 00:00:00,2008-05-20 00:00:00,False,2016-05-20 00:00:00,alizila.com
625442,2014-12-24 00:00:00,2008-01-15 00:00:00,False,2016-01-15 00:00:00,spikemilrev.com
102998,2015-05-19 05:51:00,2006-04-12 16:12:39,False,2016-04-12 00:00:00,subefotos.com
351742,,2013.03.18,,2016-03-18 00:00:00,hdlt.ru
215200,2015-02-27 17:45:26,2000-03-29 10:18:56,unSigned,2016-03-29 00:00:00,mileageplanshopping.com
376824,2009-12-11 00:00:00,2009-12-11 00:00:00,False,,justsearch.fr
771221,2014-05-19 00:00:00,2014-05-18 00:00:00,False,2016-05-18 00:00:00,talonjapan.com
29593,2014-10-22 00:00:00,2008-02-01 00:00:00,False,2016-02-01 00:00:00,lowendbox.com
623977,2015-04-24 00:00:00,2010-09-28 00:00:00,False,2015-09-28 00:00:00,mumkhal.com
159907,2014-11-14 00:00:00,2014-10-02 00:00:00,False,2015-10-02 00:00:00,saveonwp.com
441859,,,,,cargps.gr
669967,2014-12-07 00:00:00,2012-01-04 00:00:00,False,2016-01-04 00:00:00,glamourhairypussy.com
5849,2015-06-11 15:50:49,2000-09-05 05:39:01,False,2016-09-05 00:00:00,serebii.net
330401,2014-11-03 00:00:00,2014-10-13 00:00:00,False,2015-10-13 00:00:00,shelldreamsoverseas.com
569972,2014-11-27 00:50:25,2011-11-11 11:19:48,,2015-11-11 00:00:00,vividanone.it
928942,2015-06-22 00:00:00,2014-07-21 00:00:00,False,2024-07-21 00:00:00,maldivesdirect.com
697262,,,False,,imageenlarger.org
666199,2015-01-19 00:00:00,,,2017-01-24 00:00:00,tins.ir
618746,2014-09-01 00:00:00,2006-12-04 00:00:00,False,2015-12-04 00:00:00,palmu.fi
336195,,,False,,rybolov.org
428849,,,,,eksedra.gr
325467,2014-07-17 00:00:00,2010-08-12 00:00:00,False,2015-08-12 00:00:00,fashionistabarbieuk.com
337591,2015-06-29 00:00:00,1999-12-01 00:00:00,False,2017-12-01 00:00:00,easygps.com
839619,2015-01-31 00:00:00,2014-03-02 00:00:00,False,2016-03-02 00:00:00,blackandwhitetube.net
274516,2014-04-11 00:00:00,2006-04-16 00:00:00,False,2016-04-16 00:00:00,thenumerati.net
282132,2015-05-31 09:03:23,1994-05-06 00:00:00,False,,pasco.co.jp
295002,2015-05-22 23:33:38,1996-07-22 21:00:00,Unsigned,2016-07-22 00:00:00,brett-robinson.com
587250,,,False,,queencreek.org
526923,2015-03-19 00:00:00,2013-09-10 00:00:00,False,2016-09-10 00:00:00,nationalrockreview.com
487848,2015-03-09 00:00:00,2013-03-08 00:00:00,False,2016-03-08 00:00:00,bigbazaarprofitclub.com
606186,2013-10-28 00:00:00,1999-04-15 00:00:00,False,2018-04-15 00:00:00,ru-history.livejournal.com
766863,2014-06-02 00:00:00,1996-05-30 00:00:00,,2016-07-31 00:00:00,slucare.edu
292903,,,,,vidaxl.hr
537575,2015-02-03 03:39:26,1995-09-19 17:00:00,unsigned,2015-09-19 00:00:00,reedbusiness.com
509587,2014-09-09 00:00:00,,,2015-10-06 00:00:00,hracky-predeti.sk
891551,2015-01-24 00:00:00,2003-12-02 00:00:00,False,2016-12-02 00:00:00,awesomedude.com
304789,,,,,refanshop.bg
53704,2015-05-30 00:00:00,2000-10-17 00:00:00,,2019-12-18 00:00:00,athabascau.ca
490667,2002-11-23 00:00:00,1996-03-31 00:00:00,,2016-07-31 00:00:00,ndc.edu
396932,,2009.02.21,,2016-02-21 00:00:00,vse-4x4.ru
226725,2015-01-03 00:00:00,2011-08-06 00:00:00,False,2015-08-06 00:00:00,frozenshop.com
941526,,,False,,bratislavabeznackov.org
562326,2015-06-30 09:06:08,1999-06-11 00:00:00,False,,kitchoan.co.jp
445566,2015-03-10 00:00:00,2010-04-14 00:00:00,False,2020-04-14 00:00:00,bilezikci.com
19831,2013-03-14 08:33:43,,False,,xcams.de
543564,2015.02.24 14:47:06,2012.03.05 17:49:31,False,2016.03.05 17:49:31,meetgoogle.pl
184500,2015-03-01 00:00:00,2014-03-30 00:00:00,False,2016-03-30 00:00:00,skitterphoto.com
829211,2015-06-10 00:00:00,2013-06-09 00:00:00,False,2016-06-09 00:00:00,hashslush.com
331129,2015-04-16 00:00:00,2006-05-16 00:00:00,False,2016-05-16 00:00:00,knowfengshui.com
442588,2014-08-01 00:00:00,2014-07-16 00:00:00,False,2016-07-16 00:00:00,urwebby.com
658562,2014-09-16 00:00:00,2009-10-16 00:00:00,False,2023-10-16 00:00:00,cairogossip.com
398388,2014-07-29 00:00:00,2008-09-01 00:00:00,False,2015-09-01 00:00:00,vukovisadunava.com
649474,2015-02-07 00:00:00,2008-07-13 00:00:00,False,2015-07-13 00:00:00,nassaem.com
920804,2014-07-19 00:00:00,2014-07-19 00:00:00,False,2015-07-19 00:00:00,getintouchwithcash.com
241244,2012-04-02 00:00:00,2002-01-24 00:00:00,False,2021-06-04 00:00:00,daflores.com
690568,2014-08-08 00:00:00,2000-08-23 00:00:00,,2015-08-22 00:00:00,britishcouncil.or.th
617602,2015-05-01 00:00:00,2013-02-25 00:00:00,False,2016-02-25 00:00:00,gypsylovinlight.com
276653,2015-06-22 00:00:00,2010-06-21 00:00:00,False,2016-06-21 00:00:00,codeus.net
719466,,,False,,csg.org
118905,2015-04-15 00:00:00,2010-08-11 00:00:00,False,2017-08-11 00:00:00,qibosoft.com
541343,2014-12-18 00:00:00,2014-11-06 00:00:00,False,2015-11-06 00:00:00,camsloveaholics.com
967536,2012-08-27 00:00:00,2010-09-01 00:00:00,False,2015-09-01 00:00:00,trackmylaptop.net
651045,2011-08-08 10:53:03,2007-10-30 06:20:05,False,2020-10-30 00:00:00,ns-drop.com
904081,2015-04-28 00:00:00,2010-04-27 00:00:00,False,2016-04-27 00:00:00,predatorbdu.com
876179,2011-06-09 00:00:00,2002-07-29 00:00:00,,2015-07-31 00:00:00,suscc.edu
770757,2015-06-16 07:33:11,,False,,bestprotection.de
779886,2015-04-30 00:00:00,2008-05-05 00:00:00,,2016-05-04 00:00:00,sivegam.org.mx
417419,False,False,,False,apln-blog.fr
957989,2014-09-11 00:00:00,2009-09-07 00:00:00,False,2015-09-07 00:00:00,namecheapcouponcode.com
521788,2014.08.05 10:36:46,2010.08.24 08:22:23,False,2015.08.24 08:22:23,electrogsm.pl
84676,False,False,,False,bvbrindesmkt.com.br
811200,,,False,,pugetsoundoff.org
15247,2014-09-16 00:00:00,2014-01-17 00:00:00,,2024-01-17 00:00:00,serplab.co.uk
633174,2015-06-25 00:00:00,2009-08-23 00:00:00,False,2016-08-23 00:00:00,painted-ladies.com
845235,2012-04-10 00:00:00,2006-09-21 00:00:00,False,2015-09-21 00:00:00,import-sales.com
608437,False,False,,False,protel.com.tr
69884,2012-06-20 00:00:00,2003-05-07 00:00:00,False,2015-10-02 00:00:00,mailanyone.net
199597,False,False,,False,chevroletnova.com.br
879474,2008-06-14 00:00:00,1998-06-05 00:00:00,False,2016-06-04 00:00:00,cookpolitical.com
218719,2015-02-20 10:51:04,2014-09-09 02:08:41,False,2015-09-09 02:08:41,arbitragebet.in
280643,,,False,,esmt.org
420864,2013-03-12 00:00:00,1995-12-07 00:00:00,False,,panasonic.fr
718466,,,False,,visiontranstechindia.org
623288,2014-12-27 00:00:00,: 2001-12-28T05:20:09Z,False,2015-12-28 00:00:00,kodomonokao.com
99635,2015-06-11 00:00:00,2008-08-04 00:00:00,False,2018-08-04 00:00:00,kovshenin.com
278898,2015-04-12 13:50:07,2015-02-10 22:04:26,False,2020-02-10 22:04:26,hidoctor.me
886946,2015-01-28 15:44:55,1996-10-10 21:00:00,Unsigned,2017-10-10 00:00:00,capitolsales.com
629894,2015-03-03 00:00:00,2013-10-08 00:00:00,False,2015-10-08 00:00:00,magazine8.com
901889,,,,,sumberalam.co.id
566997,2010-03-05 04:56:46,2000-12-20 11:41:00,True,2015-12-21 00:00:00,stopka.cz
601891,2014-09-01 00:00:00,2012-09-28 00:00:00,False,2015-09-28 00:00:00,estalos.com
651782,,,False,,kazamatsuri.org
184136,2014-11-25 00:00:00,2006-04-30 00:00:00,False,2016-04-30 00:00:00,libcast.com
294619,2015-04-06 00:00:00,2010-06-10 00:00:00,False,2022-06-10 00:00:00,sex-ukraine.net
899721,2015-03-03 23:11:06,2012-03-05 20:11:42,False,2016-03-05 16:00:00,pajeroclub.pro
454646,2015-04-15 00:00:00,1997-12-17 00:00:00,False,2019-12-16 00:00:00,rib.net
687532,2015-01-12 00:00:00,2009-01-11 00:00:00,False,2016-01-11 00:00:00,udreplicas.com
648529,False,False,,False,toprural.pt
319448,2015-04-30 00:00:00,2012-08-14 00:00:00,False,2015-08-14 00:00:00,jzxxmx.com
954964,2015-02-19 00:00:00,2004-02-20 00:00:00,False,2016-02-20 00:00:00,exalonpromotion.com
453168,2015-03-17 00:00:00,2000-03-03 00:00:00,False,2020-03-03 00:00:00,urip.wordpress.com
466064,2014-10-15 23:17:18,2005-10-19 19:13:33,,2015-10-19 16:59:59,shrinath.biz
557956,,,False,,okcareertech.org
749993,2015-05-04 00:00:00,2014-01-16 00:00:00,False,2016-01-16 00:00:00,phorsa1.com
998313,2015-03-17 00:00:00,2013-11-07 00:00:00,False,2019-11-07 00:00:00,odigitrium.com
512618,2015-04-24 15:31:17,2012-04-23 22:44:12,False,2016-04-23 22:44:12,assetdirectory.gov.in
514146,,,False,,pinwand.ch
544086,2015.05.29 13:21:45,2003.02.12 12:00:00,False,2016.02.11 13:00:00,e-play.pl
537177,2007-02-26 00:00:00,2007-02-26 00:00:00,False,2017-02-26 00:00:00,pubalibankbd.com
179044,2015.03.09 14:25:10,1996.01.08 12:00:00,False,2015.12.31 13:00:00,agora.pl
88072,2015-01-26 01:54:15,,False,,wdr5.de
501205,2015.05.08 19:12:21,2001.06.02 13:00:00,False,2016.06.01 14:00:00,swi.pl
275586,,,False,,westada.org
786400,False,False,,False,b-king.fr
597110,2014-08-30 00:00:00,2012-09-28 00:00:00,False,2015-09-28 00:00:00,teamlampremerida.com
181893,2015-06-02 00:00:00,2011-02-16 00:00:00,False,2017-02-16 00:00:00,binaryoptionstradingsignals.com
698945,2014-08-29 00:00:00,2009-09-07 00:00:00,False,2015-09-07 00:00:00,aprenderpnl.com
969840,,,,,giesso.com.ar
747334,2015-04-07 00:00:00,1997-07-13 00:00:00,False,2016-07-12 00:00:00,zebex.com
727002,,,False,,art-incubator.org
498846,2014-10-27 12:20:49,2014-08-28 05:36:25,False,2015-08-28 05:36:25,fairhall.in
258196,2015-03-10 00:00:00,2014-03-19 00:00:00,False,2016-03-19 00:00:00,medical-qatar.com
526396,,,,,kwik.es
990781,2015-06-25 00:00:00,2009-09-16 00:00:00,False,2015-09-16 00:00:00,mplbabes.com
904505,2015-07-03 00:00:00,2014-05-13 00:00:00,,2017-05-13 00:00:00,devf.mx
869079,2013-02-14 01:47:55,,False,,knorr-bremse.de
320383,,2009.04.11,,2016-04-11 00:00:00,tvsoap.ru
117810,,,False,,flora-rose.com.cn
388349,2015-05-03 00:00:00,2013-10-15 00:00:00,False,2015-10-15 00:00:00,soccer-gamesonline.com
27613,2015-04-24 21:34:46,2013-09-01 00:00:00,False,2015-09-30 00:00:00,thebridge.jp
124588,2015-05-01 00:00:00,2013-04-20 00:00:00,False,2018-04-20 00:00:00,tagloom.com
731355,,,False,,rdwdb.nl
570659,,,False,,nowcc.org
420438,2015-03-27 00:00:00,1998-03-27 00:00:00,False,2016-03-26 00:00:00,castleresorts.com
460365,2015-06-09 00:00:00,1997-07-12 00:00:00,,2015-10-15 00:00:00,linko.co.kr
268382,2014-08-02 00:00:00,2014-08-02 00:00:00,False,2015-08-02 00:00:00,vitrinesantaluzia.net
964517,2015-04-16 00:00:00,2003-10-09 00:00:00,False,2015-10-09 00:00:00,eviloctal.com
314772,2014-12-01 00:00:00,2011-11-07 00:00:00,,2018-11-07 00:00:00,gcon.or.kr
49240,,,False,,yy8844.cn
859265,,,False,,upci.org
228460,2015-05-16 00:00:00,2014-05-15 00:00:00,False,2016-05-15 00:00:00,wisersaver.com
797515,2014-12-04 00:00:00,2007-01-05 00:00:00,False,2016-01-05 00:00:00,5gum.com
122708,2014-12-05 00:00:00,2006-12-12 00:00:00,,2016-12-12 00:00:00,turn2us.org.uk
555050,2011-09-14 14:36:07,,False,,welovecards.de
682964,2015-04-16 17:56:18,2013-05-16 08:56:10,False,2016-05-16 08:56:10,nworeport.me
610750,2012-01-12 10:46:29,,False,,makita.at
623503,2015-06-21 00:45:28,2000-06-05 00:00:00,,2016-06-05 00:00:00,cersaie.it
845828,2014-12-13 00:00:00,2002-12-12 00:00:00,False,2015-12-12 00:00:00,superiorrealestatecyprus.com
733275,,1997-08-01 00:00:00,False,,zetes.be
992580,2013-11-20 00:00:00,2009-11-02 00:00:00,False,2018-11-02 00:00:00,thehotsaucestop.com
165534,,,,,topgear.co.za
895596,2009-10-13 00:00:00,2009-10-13 00:00:00,False,,mines-douai.fr
430101,,2010-10-20 00:00:00,,2015-10-26 00:00:00,don1don.com.tw
169868,2015-04-01 00:00:00,2012-03-14 00:00:00,False,2017-03-14 00:00:00,furkanhaber.com
79318,2015-06-24 00:00:00,2002-08-02 00:00:00,,2016-08-01 00:00:00,tot.co.th
690914,,2006.01.19,,2016-01-19 00:00:00,agro-mash.ru
789862,2014-08-19 00:00:00,2007-08-24 00:00:00,False,2015-08-24 00:00:00,skymediakorea.com
590096,2015-04-09 08:53:58,2015-04-09 08:52:35,Unsigned Delegation ,2016-04-09 00:00:00,primeglobalcareers.com
784906,,,False,,mbcb-journal.org
146266,2015-04-22 00:00:00,2010-03-23 00:00:00,False,2016-03-23 00:00:00,portuguesnarede.com
209763,2014-11-28 00:00:00,2012-11-23 00:00:00,False,2017-11-23 00:00:00,voganow.com
477195,2014-06-06 06:04:18,,False,,highfield.de
304643,2014-09-28 00:00:00,2004-10-06 00:00:00,False,2015-10-06 00:00:00,istdizayn.com
84013,,2002.11.01,,2015-11-01 00:00:00,yurclub.ru
642245,2015-01-26 00:00:00,2005-06-21 00:00:00,False,2016-06-21 00:00:00,measureddesigns.com
883436,2011-07-27 00:00:00,2004-08-19 00:00:00,False,2016-08-19 00:00:00,8155.com
98547,2015-06-06 13:30:50,2015-04-06 18:10:23,False,2016-04-06 18:10:23,3318.info
556993,2014-12-08 08:04:51,2007-11-17 08:44:35,unsigned,2020-11-17 00:00:00,forumlinkbuilding.com
131731,2014-10-17 00:00:00,2012-10-22 00:00:00,False,2016-10-22 00:00:00,jassets.com
686188,2015-05-03 00:00:00,2007-12-11 00:00:00,False,2016-12-11 00:00:00,boardwalkinsurance.com
717509,,,,,epspierias.gr
944633,2015-04-16 00:00:00,2004-02-26 00:00:00,False,2016-02-26 00:00:00,niggerporn.com
972415,2014-08-09 00:00:00,2012-11-05 00:00:00,False,2019-11-05 00:00:00,parsspadana.com
729582,2015-04-17 23:49:54,2014-07-17 03:24:11,False,2016-07-17 03:24:11,nicehd.in
565570,2015-06-30 09:05:12,2010-06-01 00:00:00,False,2016-06-30 00:00:00,ca-reward.jp
296992,2015-04-27 00:00:00,2011-08-24 00:00:00,False,2015-08-24 00:00:00,privatimmobiliaresardegna.com
112286,,,False,,persmin.nic.in
661553,2014-06-04 00:00:00,2005-06-01 00:00:00,False,2017-06-01 00:00:00,openchest.com
144947,2015-06-01 00:51:28,2010-02-22 19:01:21,,2016-05-16 00:00:00,foggiatoday.it
211263,2015-05-12 00:00:00,2004-07-03 00:00:00,False,2021-07-03 00:00:00,allemandfacile.com
158086,2014-07-31 00:00:00,2014-04-28 00:00:00,False,2016-04-28 00:00:00,vamshare.com
419492,2014-11-27 00:00:00,2012-09-17 00:00:00,,2015-09-17 00:00:00,50bookpledge.ca
959908,,2006.12.01,,2015-12-01 00:00:00,gorod33.ru
781061,2014-12-05 00:00:00,2005-01-08 00:00:00,False,2016-01-08 00:00:00,ciclismoaltomilanese.com
160784,2015-01-08 00:00:00,19960125 #5161,,2016-01-25 00:00:00,infolink.com.br
391820,2014-12-10 00:00:00,2005-12-09 00:00:00,False,2015-12-09 00:00:00,1s0s.com
555627,2014-09-07 00:00:00,2010-09-13 00:00:00,False,2015-09-13 00:00:00,omran-mb.com
353239,2014-09-30 09:54:02,2010-09-16 00:00:00,False,,batt.co.jp
288186,2015-01-15 00:00:00,2014-01-20 00:00:00,False,2016-01-20 00:00:00,payoutbd.com
762253,2015-01-06 14:21:34,2002-08-18 02:09:23,False,2016-08-18 00:00:00,vipvista.com
666927,2015-06-29 00:00:00,2000-07-31 00:00:00,False,2016-07-31 00:00:00,oomaikkanavugal.blogspot.com
381298,2014-06-06 00:00:00,2011-06-05 00:00:00,False,2016-06-05 00:00:00,misqatarsms.com
885297,2014-04-02 00:00:00,2005-03-25 00:00:00,False,2017-03-25 00:00:00,djsoft.net
348457,2014-12-12 00:00:00,2014-09-17 00:00:00,False,2016-09-17 00:00:00,viantinc.com
49807,2015-04-01 11:53:23,2001-10-25 17:49:36,False,2017-10-26 00:00:00,fordparts.com
803655,2015.03.23 09:23:49,2002.03.29 12:00:00,False,2016.03.28 15:00:00,toz.pl
475126,2014-06-19 00:00:00,2004-07-20 00:00:00,False,2017-07-20 00:00:00,5sing.com
367609,2015-01-28 16:52:38,2009-10-26 21:57:49,Unsigned,2016-09-14 00:00:00,cercoincontri.com
39635,2014-07-15 00:00:00,2013-05-26 00:00:00,False,2016-05-26 00:00:00,fuelthemes.net
878941,2015-04-21 00:00:00,2001-04-05 00:00:00,False,2017-04-05 00:00:00,findamechanic.com
760395,2015-06-05 00:00:00,2008-06-04 00:00:00,False,2016-06-04 00:00:00,sortmylist.com
335764,,2012.03.07,,2016-03-07 00:00:00,demonion.ru
483209,2012-05-03 13:06:21,2005-02-15 23:04:25,False,2019-02-15 23:04:25,sundaramfinance.in
467178,False,False,,False,hasznaltalma.hu
901151,2015-04-16 00:00:00,2010-02-11 00:00:00,False,2016-02-11 00:00:00,kullumanalitourism.com
786928,2014-08-31 09:05:17,2010-08-19 00:00:00,False,2015-08-31 00:00:00,goonews.jp
645883,2015-03-02 00:00:00,2003-04-01 00:00:00,False,2016-04-01 00:00:00,nimitech.com
484672,2015-05-03 00:00:00,2013-10-10 00:00:00,False,2015-10-10 00:00:00,just1quid.com
516046,2012-05-11 00:00:00,2007-04-13 00:00:00,False,2017-04-13 00:00:00,adl-av.com
261629,2014-11-30 00:00:00,2009-12-29 00:00:00,False,2015-12-29 00:00:00,rm0005.net
411855,2015-07-01 00:00:00,2009-07-01 00:00:00,False,2016-07-01 00:00:00,441mi.com
590886,2015-05-31 09:05:07,2006-05-30 00:00:00,False,2016-05-31 00:00:00,gamesite.jp
284057,,,False,,pharmcas.org
958332,False,False,,False,guideduparisien.fr
864214,False,False,,False,outnorth.fi
529104,2015-06-25 00:00:00,2008-07-17 00:00:00,False,2016-07-17 00:00:00,jackrugile.com
304003,2009-07-15 10:07:49,,False,,postbus.at
287057,2015-03-29 00:00:00,2013-04-29 00:00:00,False,2016-04-29 00:00:00,facebooktsukaikata.net
901168,2014-11-11 00:00:00,2012-11-15 00:00:00,False,2015-11-15 00:00:00,infographicsonline.net
410701,2015-06-22 00:00:00,2003-09-01 00:00:00,False,2016-09-01 00:00:00,romolini.com
981375,2015-04-25 00:00:00,1995-11-07 00:00:00,False,2019-11-06 00:00:00,marietta.com
423743,,2005.10.28,,2015-10-28 00:00:00,rgb-tour.ru
310806,2014-11-11 00:00:00,2004-11-13 00:00:00,False,2015-11-13 00:00:00,eternal-battle.net
910103,2015-03-18 00:00:00,1997-05-06 00:00:00,,2016-07-31 00:00:00,newschoolarch.edu
22455,2015-05-26 00:00:00,2012-05-26 00:00:00,False,2016-05-26 00:00:00,paletton.com
565684,,,False,,medigappolicies.org
753880,2014-12-21 00:00:00,2009-12-27 00:00:00,False,2016-12-27 00:00:00,aec188.com
789352,2014-01-17 00:00:00,1995-11-20 00:00:00,True,2015-12-31 00:00:00,hultafors.se
976911,2015-01-28 15:58:24,2003-10-12 22:29:51,Unsigned,2016-05-28 00:00:00,collegiatetimes.com
238636,2015-07-02 00:00:00,2003-09-22 00:00:00,False,2018-09-22 00:00:00,property-report.com
318114,2015-04-20 00:00:00,2009-10-19 00:00:00,False,2021-10-19 00:00:00,schoolcashonline.com
698294,2015-03-31 09:06:57,2001-03-02 00:00:00,False,,starcat.ne.jp
608924,,,,,laopinionsemanario.com.ar
188213,2015-03-31 09:11:14,1997-03-10 00:00:00,False,,mos.co.jp
906646,2015-04-30 09:08:46,1999-04-01 00:00:00,False,,arai-denki.co.jp
795167,2015-06-26 00:00:00,2012-07-03 00:00:00,False,2016-07-03 00:00:00,bojaper.com
784853,2015-05-10 00:00:00,2004-05-10 00:00:00,False,,corse.fr
273349,2015-02-23 00:00:00,2014-02-22 00:00:00,False,2016-02-22 00:00:00,xonlinx.com
975705,2013-06-28 00:00:00,2008-03-20 00:00:00,False,2016-03-20 00:00:00,o-digital.com
927116,2015-06-01 00:00:00,,,2016-05-30 00:00:00,bebina.ir
764197,2014-09-29 00:00:00,2008-04-07 00:00:00,False,2016-04-07 00:00:00,luxhard.com
487392,2015-04-14 17:00:00,2005-04-19 17:00:00,False,2016-04-20 00:00:00,area-enligne.com
99099,2015-06-10 13:31:18,2015-04-11 07:39:56,False,2016-04-11 07:39:56,6326.info
772570,,2001.08.10,,2015-08-11 00:00:00,hpsy.ru
464564,2015-02-27 00:00:00,2012-03-09 00:00:00,False,2016-03-09 00:00:00,naszrybnik.com
747983,,2004.10.29,,2015-10-29 00:00:00,cezon.ru
285126,2015-01-06 09:56:51,2012-02-01 06:03:08,False,2016-02-01 00:00:00,talkb2b.net
494713,2012-06-03 00:00:00,2002-07-20 00:00:00,False,2020-07-20 00:00:00,chelagarto.com
743544,2014-10-21 00:00:00,20111014 #8970103,,2015-10-14 00:00:00,macucoesportes.com.br
357865,2015-02-10 00:00:00,2004-03-11 00:00:00,False,2016-03-11 00:00:00,reservationheaven.com
817407,2015-05-05 00:00:00,2014-02-01 00:00:00,False,2020-02-01 00:00:00,techindiana.com
20875,2015-04-28 00:00:00,2000-08-12 00:00:00,False,2015-08-12 00:00:00,niketalk.com
275176,2015-05-01 00:00:00,2012-02-04 00:00:00,False,2017-02-04 00:00:00,mruga.com
56954,2015-04-18 00:00:00,2008-04-17 00:00:00,False,2016-04-17 00:00:00,samplelettersworld.com
830195,,,True,,bochaneinactie.nl
312584,2015-04-13 00:00:00,2000-07-05 00:00:00,False,2017-07-05 00:00:00,nhaschools.com
503953,2015-05-11 00:00:00,20141126 #13600913,,2015-11-26 00:00:00,owl7.com.br
317633,2006-08-14 14:32:44,2006-08-14 14:32:44,Unsigned,2015-08-14 00:00:00,santanderrio.com
793078,2015-03-24 00:00:00,20120314 #9622496,,2016-03-14 00:00:00,calcularjuros.com.br
582725,,2010.02.09,,2016-02-09 00:00:00,patentmsk.ru
525247,2014-12-16 00:00:00,2011-02-15 00:00:00,False,2016-02-15 00:00:00,kk-gotanda.net
724770,,,False,,setca.org
771375,2014-09-01 00:00:00,2010-10-06 00:00:00,False,2015-10-06 00:00:00,i-edra.com
384888,2015-04-16 00:00:00,2007-08-07 00:00:00,False,2016-08-07 00:00:00,debenu.com
821815,,,False,,rotation.org
473422,2015-04-29 00:00:00,20140320 #12704596,,2016-03-20 00:00:00,marketingchannel.com.br
748744,,2005.12.19,,2015-12-19 00:00:00,poselenia.ru
315722,,,False,,kaldewei.cn
119892,2007.09.03 13:34:21,1995.01.01 12:00:00,False,2015.12.31 13:00:00,put.poznan.pl
831304,2014-02-25 14:23:03,2005-01-03 12:00:00,,2016-01-03 00:00:00,gigabyte.sg
412456,2015-02-24 00:00:00,2012-02-20 00:00:00,False,2017-02-20 00:00:00,thebusinessdispatch.com
729812,2015-03-13 00:00:00,2015-03-13 00:00:00,False,2016-03-13 00:00:00,hercupofjoy.com
946883,,2015.05.30,,2016-05-30 00:00:00,vtraxe-porn.ru
683277,,2015.04.13,,2016-04-13 00:00:00,island-game.ru
805569,2015-01-08 00:00:00,2010-02-26 00:00:00,False,2016-02-26 00:00:00,kurserforledige.com
946213,2015-01-15 00:00:00,2009-12-04 00:00:00,False,2016-12-04 00:00:00,start-vpn.com
918389,2014.10.31 09:20:49,2013.11.08 07:58:13,False,2015.11.08 07:58:13,jak-zrobic-dom.pl
49145,2015-03-12 00:00:00,2008-11-13 00:00:00,False,2016-11-13 00:00:00,tingvoa.com
74304,False,False,,False,ecomm.com.br
655143,2015-01-28 16:21:14,2006-12-08 12:05:43,Unsigned,2015-12-08 00:00:00,openmobilepr.com
325559,2015-05-27 22:43:05,2005-07-06 05:24:47,False,2018-07-06 05:24:47,techprocess.co.in
661645,2015-03-31 09:14:56,2003-03-10 00:00:00,False,,jsts.gr.jp
711374,2014-09-25 00:00:00,2007-10-25 00:00:00,False,2015-10-25 00:00:00,gruposeguridad8x8.com
279859,2013-11-20 00:00:00,2010-12-19 00:00:00,False,2016-12-19 00:00:00,jerkingthetrigger.com
843050,2014.02.04 08:45:58,2000.03.23 12:00:00,False,2016.03.22 13:00:00,mzk-gorzow.com.pl
690175,2015-04-03 00:00:00,2012-04-30 00:00:00,False,2016-04-30 00:00:00,pounds4pennies.com
174679,2015-04-28 00:00:00,2003-12-26 00:00:00,False,2015-12-26 00:00:00,pornopedia.com
93148,2015-02-19 00:00:00,2008-02-18 00:00:00,False,2016-02-18 00:00:00,bizmartindia.com
31652,,,False,,al-kanz.org
210134,2015-07-02 00:00:00,2013-09-23 00:00:00,False,2015-09-23 00:00:00,newsongbd.com
932558,2013-01-09 06:40:24,1999-10-04 15:41:00,False,2015-10-02 00:00:00,holiday-home.cz
357606,2011-08-22 06:57:04,,False,,wilhelm-tel.de
481293,2014-11-26 00:00:00,: 2005-12-02T23:49:07Z,False,2015-12-02 00:00:00,mptsweb.com
679069,2014-08-04 17:00:00,2010-10-03 17:00:00,False,2016-10-04 00:00:00,allemagnevoyage.com
464388,,2009.12.09,,2015-12-09 00:00:00,bellore.ru
756415,,,,,docplanner.bg
640777,2014-08-14 00:00:00,2003-09-15 00:00:00,False,2016-09-15 00:00:00,opencaching.com
913859,2011-02-04 00:12:55,,False,,agoshop.de
445064,2015-04-27 00:00:00,2011-06-21 00:00:00,False,2017-06-21 00:00:00,theracecardproject.com
542620,2015-02-27 01:30:11,2008-03-11 03:28:18,False,2016-03-11 02:28:18,flyzed.info
683015,2015-06-29 00:00:00,2000-07-31 00:00:00,False,2016-07-31 00:00:00,rightmezo.blogspot.com
257220,2012-08-07 00:00:00,2012-08-07 00:00:00,,2017-08-07 00:00:00,peper.co.kr
735250,,,False,,erima.eu
193142,,,,,takming.edu.tw
16697,2013-07-16 00:00:00,: 2010-08-13T15:56:30Z,False,2018-08-13 00:00:00,mmobomb.com
579805,,,,,imperial.co.za
574808,2014-10-04 00:00:00,2010-09-24 00:00:00,False,2015-09-24 00:00:00,javaheryab.com
598326,2010-10-20 00:00:00,2010-10-20 00:00:00,,2016-10-20 00:00:00,gimhaenews.co.kr
263830,2013-12-11 21:33:20,,,,adultsservice.com.au
719655,2015-01-13 00:00:00,2015-01-12 00:00:00,False,2016-01-12 00:00:00,findacarolservice.com
368652,2015-05-11 00:00:00,2007-01-10 00:00:00,False,2017-01-10 00:00:00,discountonlineparts.com
288222,2014-02-05 17:07:00,,,,recalls.gov.au
674775,,,False,,mesana.org
137049,2015-03-06 00:00:00,2011-04-15 00:00:00,False,2016-04-15 00:00:00,digitalbooktoday.com
53176,2014-09-11 00:00:00,2014-09-07 00:00:00,False,2015-09-07 00:00:00,8bob.com
418135,2014-08-20 00:00:00,2013-08-19 00:00:00,False,2015-08-19 00:00:00,themarklee.com
586035,2015-05-18 00:00:00,2015-05-13 00:00:00,,2016-05-13 00:00:00,mysurprise.ca
503888,2015-04-21 00:00:00,1997-11-27 00:00:00,False,2015-11-26 00:00:00,acomba.com
613584,,,False,,jb-aptech.com.cn
950075,2015-02-12 00:00:00,2014-02-23 00:00:00,False,2016-02-23 00:00:00,archipelagofiles.com
724300,2015-07-03 12:10:54,2011-12-06 10:24:46,False,2015-12-06 10:24:46,blackshemale.xxx
940290,,2014-07-30 07:26:04,False,2016-07-30 00:00:00,affilo.cz
214035,False,False,,False,binotel.ua
240026,2014-11-10 06:54:16,2008-11-20 13:54:29,Unsigned Delegation ,2015-11-20 00:00:00,gyandarpan.com
308640,2015-03-05 00:00:00,2010-01-13 00:00:00,False,2018-01-13 00:00:00,respomondo.com
247442,,,False,,finpost.org
829832,2011-01-22 00:00:00,2005-05-12 00:00:00,False,2020-02-02 00:00:00,rooms101.com
132065,2013-12-16 20:03:16,2010-09-18 22:55:31,unsigned,2016-09-19 00:00:00,asearch.herokuapp.com
415722,2015-04-23 01:55:36,2015-04-01 04:28:15,,2016-03-31 16:59:59,investmir.biz
666756,2015-04-18 00:00:00,2014-12-03 00:00:00,False,2015-12-03 00:00:00,makescreenshots.com
64029,2015-04-21 14:08:26,2006-03-07 11:41:35,False,2016-03-07 11:41:35,diccionari.cat
62909,2014-03-30 22:26:49,2008-01-28 05:52:37,False,2024-01-28 00:00:00,fucolle.com
307531,,,,,gf.to
869888,,2015.04.03,,2016-04-03 00:00:00,bankrotstvo-fiz-lits.ru
469853,2014-11-12 00:00:00,2010-10-12 00:00:00,False,2015-10-12 00:00:00,metrojambi.com
2080,,2006.01.13,,2016-01-13 00:00:00,mirtesen.ru
627142,2015-06-29 01:09:21,2012-07-03 14:13:27,False,2018-07-03 00:00:00,autostyle-usa.com
435644,2011-05-20 20:00:27,,False,,bodyip.de
381927,,,False,,worldbridge.org
15332,2014-09-07 00:00:00,1998-10-09 00:00:00,False,2015-10-08 00:00:00,maville.com
942452,2015-01-28 16:51:45,2009-09-18 04:50:41,Unsigned,2015-11-24 00:00:00,nowclinic.com
167058,2015-06-27 00:00:00,2014-07-28 00:00:00,False,2016-07-28 00:00:00,fbskip.com
317802,2014-11-20 03:42:33,2013-06-16 21:55:45,False,2016-06-16 21:55:45,freevpn.me
926241,2015-04-16 00:00:00,2007-02-10 00:00:00,False,2016-02-10 00:00:00,joyoge.com
501246,2015-04-20 00:00:00,1999-06-03 00:00:00,True,2016-06-03 00:00:00,schenker.se
741404,,,False,,leiserag.ch
496764,2013-11-01 00:00:00,2005-11-10 00:00:00,,2015-11-10 00:00:00,hedgesdirect.co.uk
394218,2015-03-20 06:22:30,2015-03-12 06:07:50,False,2016-03-12 00:00:00,moroneta.com
845459,2015-06-05 00:00:00,2010-06-28 00:00:00,False,2020-06-28 00:00:00,duzhoumo.com
312002,,,False,,latinamericanstudies.org
824600,2015-05-05 00:00:00,2012-06-21 00:00:00,False,2016-06-21 00:00:00,camisasmasculinas.com
333863,False,False,,False,gudecor.com.br
713653,,2011.12.28,,2015-12-28 00:00:00,dlyapolnyx.ru
690201,2015-04-04 00:00:00,2014-03-17 00:00:00,False,2016-03-17 00:00:00,whoneedsmaps.com
958259,2015-02-20 00:00:00,2009-02-26 00:00:00,False,2016-02-26 00:00:00,the-three-p.com
380347,2013-01-24 00:00:00,2007-07-23 00:00:00,False,2015-07-23 00:00:00,etwservice.com
960170,,,,,buderus.es
982479,2015-01-26 00:00:00,2006-06-08 00:00:00,False,2023-06-08 00:00:00,sexmoanscum.tumblr.com
447148,2015-04-29 00:00:00,2015-04-29 00:00:00,False,2016-04-29 00:00:00,pertaminapfgte.com
245539,2015-06-29 00:00:00,2000-07-31 00:00:00,False,2016-07-31 00:00:00,mushroomali.blogspot.com
360535,2015-04-28 00:00:00,2010-09-06 00:00:00,False,2015-09-06 00:00:00,redreseller.com
259896,2015-01-09 00:00:00,2006-02-07 00:00:00,False,2016-02-07 00:00:00,ultranoir.com
108738,2013-07-06 00:00:00,2000-11-13 00:00:00,,2015-12-01 00:00:00,itbusiness.ca
114359,2015-02-16 14:07:27,2015-01-16 04:49:14,True,2020-01-16 04:49:14,92newshd.tv
933830,,,,,holoprint.ae
131198,2015-05-14 00:47:49,2009-02-09 11:24:25,,2016-04-28 00:00:00,ripassofacile.blogspot.it
511059,False,False,,False,indirimkodu.web.tr
536683,,2012.10.31,,2015-10-31 00:00:00,sex-piski.ru
703325,,,False,,infrastructurereportcard.org
538013,False,False,,False,sense.io
929896,,,False,,xn--soirentreprise-jn39b.fr
473212,,2010.12.17,,2015-12-17 00:00:00,peugeot508-club.ru
44114,2015-02-24 00:00:00,1996-11-18 00:00:00,False,,pimkie.fr
658857,2015-06-30 00:00:00,2004-11-23 00:00:00,False,2018-11-23 00:00:00,indianshooting.com
719936,,2007.01.23,,2016-01-23 00:00:00,uh-zabava.ru
284622,False,False,,False,mezhbank.org.ua
325274,2014-02-19 00:00:00,2008-02-26 00:00:00,,2016-02-26 00:00:00,tanyaburr.co.uk
913861,2015-04-10 00:00:00,2005-05-12 00:00:00,False,2017-05-12 00:00:00,email-warnerbros.com
786000,,,,,dguadalajara.es
938141,2015-04-27 08:26:49,2011-05-13 03:35:35,False,2016-05-13 03:35:35,dym.asia
901309,2015-04-02 00:00:00,2015-03-24 00:00:00,False,2016-03-24 00:00:00,lmdraketfy.com
563846,2013-04-10 00:00:00,19960424 #7137,,2023-04-24 00:00:00,aprendiz.uol.com.br
940133,2006-11-22 15:25:00,1997-12-20 01:00:00,False,2015-10-21 00:00:00,ucw.cz
288887,2015-04-28 00:00:00,2012-02-16 00:00:00,False,2016-02-16 00:00:00,chattingcat.com
298613,2015-06-30 09:05:12,2005-06-17 00:00:00,False,2016-06-30 00:00:00,nissan-stadium.jp
567364,2014-01-03 00:00:00,2002-08-02 00:00:00,False,2017-08-02 00:00:00,naturalawakeningsmag.com
987735,2014-09-30 09:05:16,2011-09-07 00:00:00,False,2015-09-30 00:00:00,tokyugroup.jp
637524,2014-12-20 00:00:00,2011-12-21 00:00:00,False,2015-12-21 00:00:00,parikmaherov.net
496387,2014-11-06 00:00:00,20111107 #9087351,,2021-11-07 00:00:00,lchdesigner.com.br
101438,,,,,mobileshop.com.eg
875614,2015-02-15 18:07:50,2002-03-19 21:12:39,False,2016-03-19 22:12:39,ma-sa.info
546615,2014-12-21 00:00:00,2006-07-20 00:00:00,False,2016-07-20 00:00:00,fm-teens.com
78202,2014-11-27 01:58:20,2004-07-23 00:00:00,False,2015-07-31 00:00:00,ra9.jp
855705,2015-05-09 00:00:00,2013-05-09 00:00:00,False,2016-05-09 00:00:00,amaderbrahmanbaria.com
811253,2015-05-14 00:00:00,2013-12-01 00:00:00,False,2016-12-01 00:00:00,steveturton.com
